23795691	2021-03-02	Ведущий аналитик 1С	[]	rur	[150000,150000]	['Москва']	0
31094223	2021-03-02	Программист 1С на платформе 1С 8.3, конфигурация УТ 11.4	[]	rur	[80000,80000]	['Ярославль']	0
32734128	2021-03-02	Инженер-программист 1С	[]	\N	[]	['Томск']	0
32993438	2021-03-02	Программист 1С	[]	rur	[85000,85000]	['Липецк']	0
33140143	2021-03-02	Аналитик (разработка ПО)	['Бизнес-анализ','Деловая коммуникация','Информационные технологии','Системный анализ','Agile Project Management','Scrum']	\N	[]	['Санкт-Петербург']	0
33440694	2021-03-02	Аналитик 1С	['XML','MS SQL']	\N	[]	['Москва']	0
34073822	2021-03-02	Middle Java Developer (Java Spring Boot)	['Wildfly','PostgreSQL','Hibernate ORM','JUnit','Spring Framework','Docker','Elasticsearch','JackRabbit']	\N	[]	['Санкт-Петербург']	0
34116753	2021-03-02	Frontend разработчик (Angular)	['JavaScript','AngularJS','HTML','CSS','REST']	\N	[]	['Екатеринбург']	1
35075341	2021-03-02	Team Lead (Java)	['PostgreSQL','Hibernate ORM','JUnit','Spring Framework','Docker','Elasticsearch','JackRabbit']	\N	[]	['Санкт-Петербург']	0
35441377	2021-03-02	Системный аналитик	[]	\N	[]	['Москва']	0
36759154	2021-03-02	Ведущий инженер-программист C++ (e-Navigation)	['Git','C++','Qt']	\N	[]	['Санкт-Петербург']	0
36905472	2021-03-02	Стажер PHP / Junior PHP	['PHP','1С-Битрикс','HTML','CSS','JavaScript','MySQL','jQuery','Git']	\N	[]	['Минск']	0
36934968	2021-03-02	Веб-разработчик Bitrix / Web-программист PHP	[]	rur	[50000,100000]	['Новосибирск']	0
37084053	2021-03-02	Руководитель проектов 1С	[]	rur	[170000,170000]	['Москва']	0
37088050	2021-03-02	Старший PHP разработчик	['MySQL','jQuery','PHP5','Git','PHP','CSS','HTML','1С-Битрикс','ООП','JavaScript']	rur	[120000,120000]	['Тула']	0
37354212	2021-03-02	Инженер в отдел информационного сопровождения	['MS Access','VBA','MS Visual Studio']	rur	[70000,70000]	['Москва']	0
37363584	2021-03-02	Senior\Middle Java Full Stack Developer	['Java','Spring Framework','Hibernate ORM','SQL','Git','SVN','Английский язык']	\N	[]	['Минск']	0
37462893	2021-03-02	Разработчик Java	[]	\N	[]	['Екатеринбург']	0
37524877	2021-03-02	Senior Java / Kotlin Developer	['Java','Spring Framework','Back-end','Unit Testing']	rur	[230000,230000]	['Санкт-Петербург']	0
37571412	2021-03-02	Fullstack разработчик	['Git','MySQL','JavaScript','Symfony','PHP','Vue.js']	\N	[]	['Екатеринбург']	0
37750526	2021-03-02	Преподаватель компьютерных технологий и робототехники	['Преподаватель','Обучение и развитие','Организация учебного процесса','Пользователь ПК','Творческое мышление','Групповое обучение','Индивидуальное обучение','Грамотная речь','MS PowerPoint','MS Word','MS Excel','Любовь к детям','Нацеленность на результат','MS Publisher','Scratch','GIMP','CorelDRAW']	rur	[35000,35000]	['Тверь']	0
37798746	2021-03-02	Инженер эксплуатации (Production engineer)	['Python','Bash','Linux','CentOS','SQL']	\N	[]	['Москва']	0
38081984	2021-03-02	Ведущий разработчик C#	[]	\N	[]	['Москва']	0
38149142	2021-03-02	Android разработчик	['Java','XML','Android SDK','Android','SQL']	rur	[190000,240000]	['Москва']	0
38316140	2021-03-02	Unity3D / C# разработчик	['Git','C#','Unity','Работа в команде']	\N	[]	['Нур-Султан']	0
38475085	2021-03-02	Специалист отдела информационного сопровождения	['Работа с базами данных','Умение работать в команде','Статистический анализ','Ведение отчетности']	rur	[60000,60000]	['Москва']	0
38682823	2021-03-02	C/C++ Graphics Engineer	['C++','Java']	\N	[]	['Нижний Новгород']	0
38709855	2021-03-02	Ведущий инженер-программист С++	['Unity','Linux','Git','AutoCAD','C++','Unigine']	rur	[100000,100000]	['Санкт-Петербург']	0
38728444	2021-03-02	Ведущий Python разработчик	[]	rur	[170000,170000]	['Москва']	0
38783064	2021-03-02	Разработчик/Старший разработчик C# (MaxPatrol)	['SQL','.NET Framework','C#','PostgreSQL','MS SQL']	\N	[]	['Санкт-Петербург']	0
38826653	2021-03-02	PHP разработчик	['Redis','Linux','Документооборот','PHP','MySQL','Golang','RabbitMQ']	\N	[]	['Казань']	1
39010836	2021-03-02	Разработчик микросервисов	['JavaScript','ООП','Go','микросервисы','микросервисная архитектура','MySQL','MongoDB','PostgreSQL','Docker','Golang','Python']	\N	[]	['Санкт-Петербург']	0
39084059	2021-03-02	Java Server Side Developer/Программист серверной части	['Java','Git']	\N	[]	['Москва']	1
39126722	2021-03-02	PHP Team Lead	['PHP','golang','MySQL','RabbitMQ','Sphinx','kafka','Redis']	\N	[]	['Казань']	1
39135167	2021-03-02	Программист 1С	['1С Управление холдингом','1С: Зарплата и управление персоналом','1С программирование','Рерайтинг']	\N	[]	['Ростов-на-Дону']	0
39222906	2021-03-02	Аналитик	['Бизнес-анализ','Работа в команде','Аналитический склад ума','Разработка технических заданий','Разработка инструкций','Системный анализ']	\N	[]	['Новосибирск']	0
39243757	2021-03-02	Team Lead Scala/Java	['Java','SCALA']	\N	[]	['Москва']	0
39251005	2021-03-02	Senior backend developer	['SQL','GO','NET Core C#','С#','Linux','NoSQL']	rur	[100000,100000]	['Рязань']	1
39384209	2021-03-02	Программист 1C	['1С программирование','XML','1С: Бухгалтерия','1С: Зарплата и управление персоналом','MS SQL']	\N	[]	['Курган']	0
39445903	2021-03-02	Программист 1С	[]	rur	[120000,200000]	['Москва']	0
39550227	2021-03-02	Программист 1:С	['1С программирование','Администрирование серверов Windows']	rur	[85000,85000]	['Калининград']	0
39561083	2021-03-02	Ученик веб-разработчик	['ООП','CSS','JavaScript','HTML','Английский язык']	\N	[]	['Таганрог']	0
39580325	2021-03-02	Ведущий специалист 1С	['1С: Бухгалтерия','1С: Зарплата и управление персоналом','1С: Зарплата и кадры','1С: Предприятие 8','Бухгалтерский учет','Коммуникабельность','Стрессоустойчивость','Ответственность','Делопроизводство','Internet','Бухгалтерская отчетность','Кадровое делопроизводство','Пользователь ПК','Налоговая отчетность','1С программирование','1С: Комплексная автоматизация','Helpdesk']	rur	[45000,45000]	['Екатеринбург']	0
39631205	2021-03-02	Разработчик Terrasoft Creatio	['Terrasoft CRM']	\N	[]	['Казань']	0
39637508	2021-03-02	Ведущий С++ разработчик	[]	rur	[180000,180000]	['Москва']	0
39650475	2021-03-02	Ведущий программист 1С	['1С программирование','1С: Бухгалтерия','1С: Предприятие 8','Обновление конфигурации 1С','Разработка технических заданий']	\N	[]	['Москва']	0
39689160	2021-03-02	Backend разработчик (Symfony)	['Symfony','PHP','PostgreSQL']	\N	[]	['Калининград']	0
39700197	2021-03-02	Программист С++	['Разработка ПО','C++','C/C++']	rur	[100000,100000]	['Санкт-Петербург']	0
39707138	2021-03-02	Программист Unity 3D	['Unity','C#','Linux','C++','ООП']	rur	[100000,100000]	['Санкт-Петербург']	0
39722265	2021-03-02	Веб-программист (удаленно)	['PHP','HTML','JavaScript','MySQL','CSS','jQuery','HTML5','Linux','Git','1С-Битрикс','PHP5','bitrix24','Битрикс24']	\N	[]	['Барнаул']	0
39777566	2021-03-02	Программист-стажёр 1C	[]	rur	[20000,20000]	['Кемерово']	0
39882040	2021-03-02	Начальник сектора бизнес-планирования и аналитики	['Data Mining','SQL','VBA','Управление проектами','MS PowerPoint']	\N	[]	['Алматы']	0
39890802	2021-03-02	CI Engineer	['Jenkins','Python','Bash','Администрирование серверов Linux','Администрирование серверов Windows']	usd	[5000,5000]	['Москва']	0
39905930	2021-03-02	Разработчик 1С (НФО)	[]	\N	[]	['Москва']	0
39965000	2021-03-02	Senior Java Developer	['Apache Maven','Spring Framework','PostgreSQL','Hibernate ORM','Java']	\N	[]	['Санкт-Петербург']	0
40097894	2021-03-02	Unity Developer	['C#','ООП','Английский язык','C++','Unity']	\N	[]	['Санкт-Петербург']	0
40108312	2021-03-02	Старший аналитик (разработка ПО)	['UML','BPMN','IDEF','Бизнес-анализ','Оптимизация бизнес-процессов']	\N	[]	['Санкт-Петербург']	0
40113367	2021-03-02	Разработчик С++ (linux, backend)	[]	rur	[180000,180000]	['Москва']	1
40113982	2021-03-02	Middle Ruby on Rails developer	['PostgreSQL','Ruby On Rails','Git','Ruby']	rur	[220000,250000]	['Москва']	0
40138511	2021-03-02	Lead iOS Developer	['Objective-C','iOS','Git','swift','Team management']	rur	[250000,250000]	['Санкт-Петербург']	0
40160508	2021-03-02	Программист 1С (УПП, строительная компания)	['1С программирование','1С: Управление Производственным Предприятием','1С: Зарплата и управление персоналом','1С: Бухгалтерия','1С: Документооборот']	rur	[150000,150000]	['Санкт-Петербург']	0
40176194	2021-03-02	Senior C# Developer	['C#','.NET Framework']	rur	[200000,200000]	['Санкт-Петербург']	0
40266899	2021-03-02	Unity Developer	['C#','ООП','Английский язык','C++','Unity']	\N	[]	['Новосибирск']	0
40266900	2021-03-02	Unity Developer	['C#','ООП','Английский язык','C++','Unity']	\N	[]	['Калининград']	0
40266901	2021-03-02	Unity Developer	['C#','ООП','Английский язык','C++','Unity']	\N	[]	['Екатеринбург']	0
40266902	2021-03-02	Unity Developer	['C#','ООП','Английский язык','C++','Unity']	\N	[]	['Казань']	0
40286235	2021-03-02	Product owner	[]	rur	[250000,250000]	['Москва']	0
40286775	2021-03-02	Разработчик БД и отчетности	[]	\N	[]	['Москва']	0
40295135	2021-03-02	Ведущий разработчик Ruby	[]	\N	[]	['Москва']	0
40328237	2021-03-02	Программист 1С	['1С программирование','1С: Управление Торговлей','1С: Зарплата и управление персоналом','1С: Бухгалтерия','SQL']	rur	[137000,137000]	['Москва']	0
40368720	2021-03-02	Backend разработчик (Symfony)	['Symfony','PHP','PostgreSQL']	\N	[]	['Ростов-на-Дону']	0
40433879	2021-03-02	Эксперт-разработчик 1С на поддержку тиражного решения	[]	rur	[180000,180000]	['Москва']	0
40451447	2021-03-02	Lead UX researcher/Ведущий UX исследователь	['Английский язык','Управление командой','Обучение и развитие','Деловая коммуникация','UX','CJM','service BluePrint','Interviews','опросы','юзабилити','персоны','JTBD','метрики','пользователь','продукт','Проведение опросов','Телефонное интервью']	\N	[]	['Москва']	0
40494212	2021-03-02	Embedded программист С++	['C/C++','Embedded','STM32','ARM','Linux','Микроконтроллеры','Cortex']	\N	[]	['Санкт-Петербург']	0
40519975	2021-03-02	Программист-разработчик скриптов	['Работа с большим объемом информации','Грамотность']	rur	[23000,23000]	['Орел']	0
40599598	2021-03-02	Инженер-программист Industry 4.0 (стажер)	['MySQL','СУБД','Python','База данных: Oracle','SQL','C#']	rur	[20000,20000]	['Энгельс']	0
40599599	2021-03-02	Инженер-программист Industry 4.0 (стажер)	['MySQL','СУБД','База данных: Oracle','JavaScript','HTML','MS SQL']	rur	[20000,20000]	['Саратов']	0
40599888	2021-03-02	Младший технический специалист по контекстной рекламе	['Работа в команде','MS Excel','Работа с большим объемом информации']	rur	[27000,45000]	['Красноярск']	0
40649214	2021-03-02	Senior Frontend Developer (Information Security)	['Node.js','JavaScript','CSS','HTML','Информационная безопасность']	\N	[]	['Москва']	0
40659380	2021-03-02	Системный аналитик мобильных приложений	['BPMN','UML','Бизнес-анализ','iOS','Android','Kotlin','Swift','Firebase','Mobile first development']	\N	[]	['Москва']	0
40685005	2021-03-02	Эксперт по ИТ рискам	['ИТ риски','IT риски','эксплуатационные риски ИТ систем','риски']	\N	[]	['Москва']	0
40686904	2021-03-02	Разработчик 1С (Тиражное ПО)	['1С программирование','1С: Предприятие 8','1С: Управление Торговлей','Разработка ПО']	rur	[90000,90000]	['Санкт-Петербург']	0
40701698	2021-03-02	Программист 1С	['1С: Бухгалтерия','1 С: Предприятие 8','1 С: Заработная плата и управление персоналом','Альфа-Авто','1С программирование','Техническая поддержка']	rur	[90000,90000]	['Мурманск']	0
40704978	2021-03-02	Инженер-программист по системам 1С	['Обновление конфигурации 1С','1С программирование','Создание конфигурации 1С','отчеты 1С','Код 1С','Администрирование']	rur	[30000,30000]	['Каменск-Уральский']	0
40719500	2021-03-02	Программист	[]	\N	[]	['Тюмень']	0
40757493	2021-03-02	Старший специалист по операционной аналитике	['Oracle Pl/SQL','SQL','MS Access','Анализ данных','SAP Business Objects']	\N	[]	['Алматы']	0
40774639	2021-03-02	Ведущий менеджер по аналитике продуктов	[]	\N	[]	['Москва']	0
40814592	2021-03-02	Android P Framework engineer	['Android','C++','AOSP','Embedded','C/C++']	\N	[]	['Нижний Новгород']	0
40840849	2021-03-02	Go developer	['MongoDB','MySQL','Go','Golang','микросервисная архитектура','PostgreSQL','ООП']	\N	[]	['Санкт-Петербург']	0
40877674	2021-03-02	Senior QNX Software Engineer (BSP/Middleware/Apps)	['C++','Embedded','QNX','Linux','BSP']	\N	[]	['Нижний Новгород']	0
40907574	2021-03-02	Golang разработчик	['PostgreSQL','Английский язык','SQL','Pascal','GitLab','Работа в команде','Git']	\N	[]	['Алматы']	0
40949619	2021-03-02	Программист	['Qt','C++','STL','PostgreSQL','MS Visual Studio','C/C++']	rur	[80000,80000]	['Санкт-Петербург']	0
40961781	2021-03-02	Программист 1С	[]	\N	[]	['Ростов-на-Дону']	0
40961909	2021-03-02	Программист 1С	['ООП','1С: Зарплата и управление персоналом','UML','1С программирование','1C: Зарплата и кадры']	\N	[]	['Москва']	0
40979291	2021-03-02	Программист 1С	['1С программирование','1С: Предприятие 8','Альфа-Авто','ERP','1С: Зарплата и управление персоналом','1С: Документооборот','1С: Управление предприятием','Гибкость']	rur	[70000,70000]	['Тюмень']	0
40986710	2021-03-02	Ведущий разработчик Python	[]	\N	[]	['Москва']	0
40987822	2021-03-02	Программист 1С	['1С: Управление Торговлей','1С: Бухгалтерия','1С: Зарплата и управление персоналом','внимательность','1С:УТ11']	\N	[]	['Москва']	0
41005146	2021-03-02	Аналитик СЭД	[]	\N	[]	['Москва']	0
41005649	2021-03-02	Старший аналитик (BPM-системы, ЭДО)	[]	\N	[]	['Москва']	0
41022340	2021-03-02	Программист 1С	[]	rur	[140000,160000]	['Санкт-Петербург']	0
41038011	2021-03-02	Менеджер (поддержка пользователей/аналитика)	[]	\N	[]	['Москва']	0
41038219	2021-03-02	Менеджер (искуственный интеллект и цифровая траснформация)	[]	\N	[]	['Москва']	0
41049948	2021-03-02	DevOps инженер	['Linux','Docker','Prometheus']	\N	[]	['Москва']	0
41082961	2021-03-02	Backend разработчик в команду музыки	[]	\N	[]	['Санкт-Петербург']	0
41083004	2021-03-02	IOS-разработчик в команду Core Team	['Objective-C','iOS','Swift']	\N	[]	['Санкт-Петербург']	0
41098870	2021-03-02	Администратор 1С	['1С: Бухгалтерия','1С: Документооборот','1С: Зарплата и управление персоналом','Работа в команде','Администратор 1С']	\N	[]	['Москва']	0
41114388	2021-03-02	Middle Golang разработчик	['Atlassian Jira','PostgreSQL','Linux','Разработка технических заданий','Автоматизация процессов управления персоналом','Docker','Kafka','AWS','Microservice Architecture','Agile Project Management']	\N	[]	['Москва']	1
41128163	2021-03-02	Администратор Atlassian Jira / Confluence	['Atlassian Jira','SQL','PostgreSQL','Atlassian Confluence','XML','JSON API','MS SQL','MySQL','Настройка DNS']	\N	[]	['Москва']	0
41139973	2021-03-02	Младший бизнес-аналитик	['Деловая переписка','MS Visio','Корпоративные финансы','Деловая коммуникация','Грамотность','EPC','MS Outlook','MS PowerPoint']	\N	[]	['Москва']	0
41141476	2021-03-02	Аналитик	['SQL','Управленческая отчетность','Работа с большим объемом информации','Аналитическое мышление','MS Excel','Tableau']	rur	[100000,100000]	['Москва']	0
41142585	2021-03-02	Бизнес-аналитик	['Бизнес-анализ','Проектная документация','Работа в команде','Точность и внимательность к деталям','Разработка технических заданий','MS Visio']	rur	[110000,110000]	['Санкт-Петербург']	0
41163665	2021-03-02	Преподаватель Онлайн-курса по Web-разработке	['JavaScript','CSS','HTML','PHP','React','Node.js']	\N	[]	['Москва']	1
41177436	2021-03-02	PHP Developer (Junior)	['Git','Linux','SQL','PHP','ООП']	rur	[20000,50000]	['Москва']	1
41188158	2021-03-02	Ruby developer	['Ruby On Rails','Git','JavaScript','Linux','MySQL']	\N	[]	['Новосибирск']	1
41199072	2021-03-02	PHP-программист	[]	\N	[]	['Ростов-на-Дону']	0
41205876	2021-03-02	BackEnd JS Developer	['JavaScript','Node.js','Agile Project Management','Scrum','Git','PostgreSQL','Atlassian Jira','Atlassian Confluence','TypeScript','MobX','MolecularJS']	\N	[]	['Москва']	1
41405360	2021-03-02	Java-разработчик	['Hibernate ORM','Spring Framework','PostgreSQL','Java','MS SQL Server','Unit Testing']	rur	[195000,195000]	['Москва']	0
41405987	2021-03-02	Software Testing Engineer	['Android','iOS','QA']	\N	[]	['Могилев']	0
41454427	2021-03-02	Руководитель проектов разработки / Project manager	['Управление проектами','Ведение переговоров','Разработка ПО','Agile Project Management','Project management']	\N	[]	['Нижний Новгород']	0
41456835	2021-03-02	Аналитик в Мобильный Банк	['Разработка нового продукта','Python','SQL','ML','MS Excel','Анализ данных']	\N	[]	['Москва']	0
41458036	2021-03-02	Аналитик в Тинькофф Путешествия	['Python','SQL','Аналитическое мышление','Анализ данных']	\N	[]	['Москва']	0
41462359	2021-03-02	Аналитик данных (Ведущий/ руководитель группы)	['PostgreSQL','MS SQL','MySQL','Бизнес-анализ','Системный анализ','Scrum','BPMN','описание бизнес процессов']	\N	[]	['Москва']	0
41470197	2021-03-02	Программист 1C	[]	rur	[150000,150000]	['Санкт-Петербург']	0
41472700	2021-03-02	Front-end Developer (Booking team)	['angular','Git','HTML5','JavaScript','typescript','NativeScript','Teamleading','Scrum','Unit Testing','Design Patterns','ООП','Agile Project Management']	rur	[170000,170000]	['Москва']	1
41497426	2021-03-02	Главный разработчик аналитических систем	['MS SQL Server','SQL','ORACLE','Oracle 11G','База данных: Oracle','ETL']	\N	[]	['Москва']	0
41497814	2021-03-02	Главный аналитик	['SQL','MS SQL','Разработка технических заданий','Проектная документация','MS Access']	rur	[200000,200000]	['Москва']	0
41531103	2021-03-02	Системный аналитик DWH	['SQL','Разработка технических заданий','MS SQL Server','MS SQL','ORACLE','Аналитическое мышление','Анализ данных']	\N	[]	['Алматы']	0
41540746	2021-03-02	Ведущий системный аналитик (Банковская область)	[]	\N	[]	['Москва']	0
41541601	2021-03-02	Desktop C++ developer	[]	\N	[]	['Минск']	0
41541624	2021-03-02	Web back-end developer (PHP)	['PHP','Symfony','JavaScript']	\N	[]	['Минск']	0
41541642	2021-03-02	Android developer	['Java','Android SDK','Kotlin','Dagger','Git','MVP/MVC/MVVM']	\N	[]	['Минск']	0
41541695	2021-03-02	Программист C#	['Работа с базами данных','C#','WCF','SOAP','PostgreSQL']	rur	[140000,160000]	['Краснодар']	1
41638287	2021-03-02	Технолог-аналитик (SAP)	['Моделирование бизнес процессов','Разработка технических заданий','SAP EWM','Оптимизация бизнес процессов']	\N	[]	['Подольск (Московская область)']	0
41638288	2021-03-02	Технолог-аналитик (SAP)	['Моделирование бизнес процессов','Разработка технических заданий','SAP EWM','Оптимизация бизнес процессов']	\N	[]	['Москва']	0
41681949	2021-03-02	Java/Kotlin-разработчик в TOP	['Spring Framework','PostgreSQL','Apache Maven','Git','Java','SQL','ORACLE']	\N	[]	['Москва']	1
41688535	2021-03-02	Senior iOS-разработчик в команду стикеров и подарков	['Objective-C','iOS','Swift']	\N	[]	['Санкт-Петербург']	0
41727172	2021-03-02	Менеджер проектов	['Управление проектами','Atlassian Jira','Управление рисками','MS Project','Project management']	rur	[150000,300000]	['Москва']	0
41727500	2021-03-02	Выездной компьютерный мастер	['Настройка ПК','Пользователь ПК','Сборка ПК','Настройка ПО']	rur	[40000,40000]	['Череповец']	0
41727585	2021-03-02	Выездной компьютерный мастер	['Настройка ПК','Пользователь ПК','Сборка ПК','Настройка ПО']	rur	[45000,45000]	['Калининград']	0
41727624	2021-03-02	Выездной компьютерный мастер	['Настройка ПК','Пользователь ПК','Сборка ПК','Настройка ПО']	rur	[45000,45000]	['Архангельск']	0
41727707	2021-03-02	Выездной компьютерный мастер	['Настройка ПК','Пользователь ПК','Сборка ПК','Настройка ПО']	rur	[45000,45000]	['Мурманск']	0
41728318	2021-03-02	Выездной компьютерный мастер	[]	rur	[40000,40000]	['Брянск']	0
41728346	2021-03-02	Выездной компьютерный мастер	[]	rur	[40000,40000]	['Курск']	0
41728446	2021-03-02	Ученик компьютерного мастера	['Ремонт ПК','Настройка ПК','Настройка ПО','Сборка ПК']	rur	[20000,20000]	['Орел']	0
41731306	2021-03-02	DevOps Engineer (Big Data)	['Big Data','Linux','Shell Scripting','CI/CD and Deployment Automation','Jenkins','Kubernetes','Elasticsearch','Grafana','Kafka','Ansible','HDFS']	\N	[]	['Нижний Новгород']	0
41731904	2021-03-02	Team Lead/Руководитель группы разработки	['UML','SysML','IDEF','Agile Project Management','Scrum','ITIL','BIM','Управление разработкой','Управление проектами','Git','Wrike','RabbitMQ','PostgreSQL','PHP','SQL','NoSQL','GitLab','NoSQL БД (Redis)']	rur	[120000,120000]	['Москва']	1
41736671	2021-03-02	Консультант 1С	['Техническая поддержка','1С: Предприятие 8','1C: Бухгалтерия','Разработка инструкций']	\N	[]	['Москва']	0
41745324	2021-03-02	Android-разработчик в команду сообщений	['Android SDK','Android','Kotlin','Java']	\N	[]	['Санкт-Петербург']	0
41781495	2021-03-02	Архитектор приложений/Software Architect	[]	rur	[230000,230000]	['Санкт-Петербург']	0
41802557	2021-03-02	Системный аналитик	[]	rur	[100000,100000]	['Москва']	0
41815810	2021-03-02	Бизнес-аналитик (junior)	[]	\N	[]	['Москва']	0
41818218	2021-03-02	Android разработчик	[]	rur	[180000,220000]	['Москва']	0
41826449	2021-03-02	Специалист технической поддержки	['1С: Бухгалтерия','1С: Зарплата и управление персоналом','1C: Бухгалтерия','Бухгалтерский учет','1С: Предприятие 8']	rur	[45000,45000]	['Тюмень']	0
41829753	2021-03-02	Project Manager/Проект-менеджер	[]	\N	[]	['Минск']	0
41830061	2021-03-02	Data Scientist/ Аналитик больших данных	['Python','Linux','SQL','Прогнозирование','Базы данных']	\N	[]	['Москва']	0
41850752	2021-03-02	Программист 1С / Разработчик 1С	['1С программирование','1С: Бухгалтерия','1С: Предприятие 8','1С: Управление Торговлей','Аналитический склад ума']	rur	[50000,50000]	['Курск']	1
41882261	2021-03-02	PHP Developer	['MySQL','ООП','Redis','Git','Yii']	rur	[100000,200000]	['Севастополь']	0
41883261	2021-03-02	Android Developer (Middle+)	['Java','Android SDK','Android','Kotlin','Английский язык']	\N	[]	['Санкт-Петербург']	0
41883663	2021-03-02	PHP-разработчик	['PHP','MySQL','Laravel','Redis','Git','Twig','Vue']	rur	[100000,100000]	['Москва']	0
41883703	2021-03-02	TeamLead (PHP)	['PHP','MySQL','Teamleading','Team management']	rur	[200000,200000]	['Москва']	0
41886260	2021-03-02	Консультант - аналитик 1С	[]	\N	[]	['Москва']	0
41886993	2021-03-02	Fullstack разработчик в команду музыки	['JavaScript','PHP','Typescript','React']	\N	[]	['Санкт-Петербург']	0
41919913	2021-03-02	Аналитик по товародвижению	['MS SQL','MS PowerPoint','Прогнозирование','MS Access','Обработка изображений']	\N	[]	['Санкт-Петербург']	0
41927705	2021-03-02	Web-программист	['Linux','HTML','CSS','Git','PHP','LAPP','PostGIS']	rur	[80000,80000]	['Санкт-Петербург']	0
41928587	2021-03-02	Системный администратор / DevOps-инженер	['Linux','Git','Qt','C++','Redmine','CI/CD','Администрирование серверов Linux']	rur	[70000,70000]	['Санкт-Петербург']	0
41960655	2021-03-02	PHP-программист	['HTML','SEO','Администрирование сайтов','PHP']	rur	[60000,80000]	['Ярославль']	0
41967124	2021-03-02	Консультант 1С: ERP	['1С:ТОиР','ERP-системы на базе 1С','Моделирование бизнес процессов']	\N	[]	['Москва']	0
41967368	2021-03-02	Начинающий JS-программист	['PHP','HTML','CSS','SQL','HTML5','Git','PHP5','PostgreSQL','MySQL','Bootstrap','php7','Управление проектами','Целеустремленность','Работа в команде','Коммуникабельность','JavaScript','Java','Linux','Python','Английский язык','Пользователь ПК','1С-Битрикс']	rur	[30000,30000]	['Киров (Кировская область)']	0
41975499	2021-03-02	Бизнес-аналитик (1С: ERP)	[]	rur	[80000,120000]	['Санкт-Петербург']	1
41994417	2021-03-02	Руководитель команды разработки (PHP)	['Agile Project Management','Администрирование','Scrum','Mac Os','Atlassian Jira','Git','Управление командой','руководство командой разработчиков','Постановка задач разработчикам','Мобильность','Проведение тестирований','iOS','Android','Android SDK','мобильная разработка','Разработка ПО','PHP','Yii','Nginx','Разработка технических заданий','Teamleading','Teambuilding','psr','MySQL','фреймворк','Symfony','API','SQL запросы','Sphinx, RabbitMQ, Clickhouse, Redis, Tarantool, MongoDB, Docker, Kubernetes.','OTRS']	\N	[]	['Москва']	0
41998433	2021-03-02	Программист SQL	['MS SQL','Olap (online analytical processing)','MS SQL Server','Transact-SQL','SQL']	\N	[]	['Москва']	0
42001625	2021-03-02	Разработчик ПО (Java)	['Java','Английский язык','MS Access','Технический перевод','СУБД']	\N	[]	['Москва']	0
42006138	2021-03-02	Ведущий инженер-конструктор	['ЕСКД','AutoCAD','Solid Works','SolidWorks']	rur	[75000,75000]	['Санкт-Петербург']	0
42015054	2021-03-02	Data scientist Аналитик базы данных / Разработчик Python	['Python','JavaScript','MS SQL','SQL','Numpy','Pandas','Matplotlib','sklearn.linear_model','Аналитика продаж','MySQL','TensorFlow','PyCharm','Конкурентная аналитика','Базы данных','MS Excel','Data Mining','Data Analysis','Data Mining: ACNielsen','Data Mining: Business Analytica']	\N	[]	['Москва']	0
42023181	2021-03-02	Программист-разработчик (Senior)	['ООП','MS SQL Server','VBA','MS SQL','Delphi']	\N	[]	['Алматы']	0
42028115	2021-03-02	Ведущий системный аналитик	['BPMN','UML','ARIS','Системный анализ','SQL']	\N	[]	['Москва']	0
42061150	2021-03-02	Эксперт по эксплуатации систем поддержки бизнеса	['MS SQL','MS SQL Server','SQL','ORACLE','Unix','Ориентация на результат','Работа в команде','Управление проектами','Системное мышление']	\N	[]	['Ташкент']	0
42065356	2021-03-02	Системный аналитик / Ведущий системный аналитик	['UML','BPMN','Atlassian Jira','Бизнес-анализ','XML']	\N	[]	['Москва']	0
42081375	2021-03-02	Аналитик в команду разработки	['Scrum','Английский язык','описание бизнес-процессов','Сбор и анализ информации','Бизнес-анализ','Системный анализ','Разработка технических заданий','Постановка задач разработчикам','Аналитическое мышление']	rur	[120000,200000]	['Екатеринбург']	0
42109276	2021-03-02	Специалист по САПР (junior-программист АСУ)	[]	\N	[]	['Санкт-Петербург']	0
42134089	2021-03-02	Продуктовый аналитик	['Python','SQL','Git','A/B тесты','Аналитическое мышление','Анализ данных','Математическая статистика']	\N	[]	['Москва']	0
42139164	2021-03-02	Инженер внедрения и сопровождения	[]	\N	[]	['Нижний Новгород']	0
42139296	2021-03-02	Инженер по валидации (Computer System Validation Engineer)	['AutoCAD','SolidWorks','Компас-3D','Английский язык','Разработка технических заданий','PLC','Деловая коммуникация','MS Office']	\N	[]	['Минск']	0
42146587	2021-03-02	PHP разработчик 1С-Битрикс (Bitrix)	['1С-Битрикс','MySQL','PHP','1С-Bitrix','LEMP','Git','OOП']	\N	[]	['Таганрог']	0
42152384	2021-03-02	Ведущий программист 1С	['1С: Зарплата и управление персоналом','1С: Предприятие 8','1С: Документооборот','1С: Управление персоналом','1С программирование','ERP-системы на базе 1С','Обновление конфигурации 1С']	rur	[120000,120000]	['Екатеринбург']	0
42164541	2021-03-02	Старший программист 1С	[]	rur	[60000,100000]	['Омск']	0
42180239	2021-03-02	Программист 1С	['1С программирование','1С: Управление Торговлей','1С: CRM ПРОФ']	\N	[]	['Москва']	1
42180842	2021-03-02	Java-разработчик (middle)	['Spring Framework','Java','Git','Java EE','Apache Maven']	\N	[]	['Воронеж']	0
42183275	2021-03-02	Java Lead (Единый инструмент принятия решений)	['Java']	\N	[]	['Москва']	0
42183931	2021-03-02	IOS-разработчик в команду контента	['iOS','Objective-C']	\N	[]	['Санкт-Петербург']	0
42194768	2021-03-02	Android-разработчик в команду контента	['Java','Android','Kotlin']	\N	[]	['Санкт-Петербург']	0
42206611	2021-03-02	Финансовый аналитик LOVE REPUBLIC	['Бизнес-планирование','Английский язык','MS PowerPoint','Бизнес-анализ','Прогнозирование']	\N	[]	['Санкт-Петербург']	0
42208950	2021-03-02	Middle PHP разработчик (удаленно)	['MySQL','Git','PHP']	rur	[80000,150000]	['Москва']	1
42210049	2021-03-02	Senior Java Backend Developer	['Java','Microservices','REST','Maven']	\N	[]	['Нижний Новгород']	0
42218140	2021-03-02	Старший аналитик по развитию и сопровождению безбумажного документооборота	[]	\N	[]	['Москва']	0
42225976	2021-03-02	Администратор JIRA	[]	\N	[]	['Москва']	0
42227693	2021-03-02	PHP-программист (Middle)	['MySQL','Git','ООП','MVC','Корпоративная этика']	rur	[120000,120000]	['Санкт-Петербург']	0
42228293	2021-03-02	PHP/Fullstack разработчик (middle+)	['Git','JavaScript','MySQL','CSS','PHP','HTML','React.js','Atlassian Jira','Битрикс24']	\N	[]	['Москва']	0
42233009	2021-03-02	Программист 1С	['1С программирование','1С: Предприятие 8','1С: Управление Торговлей','1С: Документооборот']	rur	[45000,45000]	['Иркутск']	0
42258474	2021-03-02	Разработчик ПО	['ООП','SQL','MS SQL Server','Visual Studio C#','СУБД','САПР','MS Excel']	\N	[]	['Москва']	0
42258475	2021-03-02	Специалист по разработке ПО	['ООП','SQL','MS SQL Server','Visual Studio C#','СУБД','САПР','MS Excel']	\N	[]	['Тюмень']	0
42260975	2021-03-02	Full-stack PHP developer (удаленно)	['jQuery','MySQL','Ajax','Git','Bootstrap','Laravel','ООП','PHP','CSS3','HTML5','Lumen','JavaScript','PHP7','SCSS']	rur	[120000,160000]	['Москва']	1
42260987	2021-03-02	Инженер-программист ( C++/Qt )	['Qt','C/C++']	rur	[60000,150000]	['Москва']	0
42261041	2021-03-02	Программист 1С	['1С: Управление Торговлей','ERP-системы на базе 1С']	\N	[]	['Санкт-Петербург']	1
42261083	2021-03-02	Преподаватель в школу программирования КодКласс-онлайн	['Деловое общение','Навыки межличностного общения','Обучение','Многозадачность','Преподаватель','Веб-программирование','С#','HTML','Android','JavaScript','Python','Scratch','Unity','Roblox','Minecraft','Stencyl']	rur	[10000,20000]	['Москва']	0
42267205	2021-03-02	Программист 1С	['1С программирование','1С: Бухгалтерия','1С: Предприятие: Бухгалтерский Учет']	\N	[]	['Алматы']	0
42268209	2021-03-02	Инженер-аналитик	['Git','Atlassian Jira','C++','ООП']	rur	[80000,80000]	['Санкт-Петербург']	0
42277259	2021-03-02	Python-разработчик	[]	rur	[160000,200000]	['Москва']	0
42280608	2021-03-02	Backend-разработчик (Middle)	['Yii','SQL','Symfony','Laravel','CRM','Drupal API','GraphQL']	\N	[]	['Новосибирск']	0
42285009	2021-03-02	Программист 1C	['1С8']	rur	[100000,100000]	['Ставрополь']	0
42318591	2021-03-02	Аналитик по планированию спроса СНГ/ Demand planning analyst CIS	[]	\N	[]	['Москва']	0
42318854	2021-03-02	Senior data engineer	['Python','Linux','Java','Git','SQL','Airflow','Kafka']	\N	[]	['Москва']	0
42320855	2021-03-02	Data analyst	['Python','SQL','Git','Data Mining','MS SQL']	\N	[]	['Москва']	0
42321025	2021-03-02	Python – разработчик (PyDev)	['Python','SQL','Linux','Airflow','Git']	\N	[]	['Москва']	0
42321357	2021-03-02	Senior data scientist	['SQL','Linux','Git','Python']	\N	[]	['Москва']	0
42323338	2021-03-02	Финансовый аналитик	['MS SQL','SQL','Управленческая отчетность','Работа с большим объемом информации','Аналитическое мышление']	rur	[100000,100000]	['Москва']	0
42331869	2021-03-02	Инженер по информационной безопасности	['Информационная безопасность','Администрирование','DLP Zlock']	\N	[]	['Москва']	0
42334660	2021-03-02	Frontend-developer	[]	rur	[80000,120000]	['Санкт-Петербург']	0
42334974	2021-03-02	UX исследователь	['Креативность','Клиентоориентированность','Подготовка презентаций','Работа в команде']	\N	[]	['Москва']	0
42340677	2021-03-02	Аналитик отдела продаж	[]	rur	[90000,90000]	['Москва']	0
42344823	2021-03-02	Java Developer	['Hibernate ORM','Spring Framework','JSP','Java','Intellij IDEA','Linux','Apache Maven','Apache Tomcat','SQL','Аналитическое мышление']	\N	[]	['Москва']	0
42345443	2021-03-02	PHP-разработчик	['Git','Linux','JSON API','Bootstrap','HTML','PHP','MySQL']	\N	[]	['Минск']	0
42345524	2021-03-02	Инженер-Программист Delphi/Oracle	['Delphi','ORACLE','SQL','SVN']	rur	[43000,120000]	['Уфа']	0
42345565	2021-03-02	Инженер-Программист Delphi/Oracle	['Delphi','ORACLE','SQL','SVN']	rur	[43000,120000]	['Тюмень']	0
42345604	2021-03-02	Technical Implementation Engineer	['Python','Linux','Английский язык','Development']	\N	[]	['Санкт-Петербург']	0
42345901	2021-03-02	Продуктовый аналитик / Системный аналитик	['Прототипирование','Системный анализ','Тестирование пользовательского интерфейса','Проектирование пользовательских интерфейсов','Разработка технических заданий','Постановка задач разработчикам']	rur	[70000,90000]	['Новосибирск']	0
42346040	2021-03-02	Java Team Lead	['Spring Framework','Java EE','Agile Project Management','Git','Java']	\N	[]	['Нижний Новгород']	0
42346045	2021-03-02	Middle/Senior Front-end Developer	['React','Английский язык','JavaScript']	\N	[]	['Минск']	0
42346046	2021-03-02	Middle/Senior Front-end Developer	['React','Английский язык','JavaScript']	\N	[]	['Москва']	0
42379851	2021-03-02	Программист 1С-УТ	[]	kzt	[250000,350000]	['Алматы']	0
42379911	2021-03-02	Senior Unity 3D Developer	['Креативность','Unity','Работа в команде','Грамотная речь','Грамотность']	\N	[]	['Москва']	0
42379960	2021-03-02	C# .Net разработчик	[]	\N	[]	['Москва']	0
42380111	2021-03-02	Программист 1С (удаленная работа)	['Профессиональные знания платформы 1С','Опыт работы с автоматизацией бухгалтерского учета']	rur	[150000,150000]	['Москва']	1
42380174	2021-03-02	Руководитель проектов 1С	['Постановка задач разработчикам','1С: Предприятие','1С: Предприятие 8','1С: Управление Торговлей','1С: Комплексная автоматизация','1С: УНФ']	rur	[120000,170000]	['Москва']	1
42380201	2021-03-02	IT-специалист	[]	rur	[35000,35000]	['Уфа']	0
42380257	2021-03-02	Ведущий разработчик 1С (team lead)	['1С: Управление Торговлей','1С: Бухгалтерия','1С: Зарплата и управление персоналом','1С:УТ11']	\N	[]	['Москва']	0
42380258	2021-03-02	Ведущий разработчик 1С (team lead)	['1С: Управление Торговлей','1С: Бухгалтерия','1С:УТ11']	\N	[]	['Санкт-Петербург']	1
42380501	2021-03-02	Координатор проектов web - разработки (Project manager)	['Управление проектами','Project management','Работа в команде','Проектный менеджмент','Постановка задач разработчикам']	rur	[100000,140000]	['Санкт-Петербург']	1
42380531	2021-03-02	Аналитик "Единого клиента"	[]	rur	[130000,170000]	['Москва']	1
42380614	2021-03-02	Ведущий менеджер по бизнес-анализу	['MS Excel','SQL','Базы данных','MS Outlook','Многозадачность','Навыки презентации','MS PowerPoint','Работа с большим объемом информации','Olap (online analytical processing)','MS SQL Server','Python','Аналитическое мышление','Qlik Sense','Oracle CRM']	\N	[]	['Санкт-Петербург']	0
42394801	2021-03-02	Middle - разработчик (Кейсистемс)	['Python','SQL','Java','Разработка ПО','Базы данных','MS Visual Studio','Веб-программирование','СУБД','Cистемы управления базами данных','C++','Многозадачность','MS Visual C++','Организаторские навыки','Аналитические способности']	rur	[60000,80000]	['Чебоксары']	0
42409714	2021-03-02	Программист 1С 8.3 УНФ	['1С программирование','1С 8.3 УНФ']	rur	[100000,100000]	['Санкт-Петербург']	0
42415325	2021-03-02	Младший программист 1C	['1С: Документооборот','ERP-системы на базе 1С','1С: Управление предприятием','Пользователь ПК']	\N	[]	['Москва']	0
42415677	2021-03-02	Программист	[]	\N	[]	['Чебоксары']	0
42418478	2021-03-02	Go-разработчик	[]	rur	[160000,220000]	['Москва']	0
42428669	2021-03-02	Руководитель проектов (разработка ПО)	['Atlassian Jira','MS Visual Studio','Git','SQL','Linux']	\N	[]	['Екатеринбург']	0
42429911	2021-03-02	Ведущий аналитик	[]	\N	[]	['Екатеринбург']	0
42452266	2021-03-02	Разработчик драйверов под Windows на C/C++	['С','С++','drivers','Windows','module','ABI','crypto']	\N	[]	['Санкт-Петербург']	0
42475465	2021-03-02	Программист 1C	[]	rur	[40000,40000]	['Белгород']	0
42476329	2021-03-02	Senior Render Engineer (remote)	['C++','Leadership Skills','Teamplayer','cpu','gpu','vulkan','DirectX 11-12','OpenGL']	\N	[]	['Санкт-Петербург']	0
42476330	2021-03-02	Senior Render Engineer (remote)	['C++','Leadership Skills','Teamplayer','cpu','gpu','vulkan','DirectX 11-12','OpenGL']	\N	[]	['Москва']	0
42476331	2021-03-02	Senior Render Engineer (remote)	['C++','Leadership Skills','Teamplayer','cpu','gpu','vulkan','DirectX 11-12','OpenGL']	\N	[]	['Нур-Султан']	0
42476832	2021-03-02	TypeScript Backend Developer	['Gamedev','JavaScript','Typescript','Deno','GraphQL']	rur	[180000,180000]	['Санкт-Петербург']	1
42476908	2021-03-02	TypeScript Backend Developer	['Gamedev','JavaScript','Typescript','Deno','GraphQL']	rur	[180000,180000]	['Москва']	1
42476942	2021-03-02	Разработчик PHP/Битрикс24 (облачная версия)	['JavaScript','jQuery','CSS','HTML','Ajax','Битрикс24','Bootstrap','Git','SOAP']	rur	[150000,200000]	['Москва']	0
42480007	2021-03-02	Программист-аналитик 1 С	['MS SQL','1С: Зарплата и управление персоналом','MS SQL Server','SQL','1C: Бухгалтерия','1С: Документооборот','1С: Предприятие 8','1C: Финансы']	\N	[]	['Москва']	0
42503730	2021-03-02	Программист С++	[]	\N	[]	['Москва']	0
42503772	2021-03-02	Программист С++	[]	\N	[]	['Зеленоград']	0
42504085	2021-03-02	Web-программист	['JavaScript','AngularJS','MongoDB','Node.js','jQuery']	\N	[]	['Москва']	0
42504206	2021-03-02	Web-программист	['JavaScript','AngularJS','MongoDB','Node.js','jQuery']	\N	[]	['Зеленоград']	0
42504749	2021-03-02	Программист Embedded Linux	['C++','Linux','Java','Android','Qt']	\N	[]	['Москва']	0
42504750	2021-03-02	Программист Embedded Linux	['C++','Linux','Java','Android','Qt']	\N	[]	['Зеленоград']	0
42505826	2021-03-02	Системный архитектор	['Работа в команде','Грамотная речь','Информационные технологии','Базы данных','Документооборот']	\N	[]	['Зеленоград']	0
42505828	2021-03-02	Системный архитектор	['Работа в команде','Грамотная речь','Информационные технологии','Базы данных','Документооборот']	\N	[]	['Москва']	0
42532343	2021-03-02	Java/Kotlin-разработчик в TOP (удаленно)	['Java','Git','Java SE','SQL','Apache Maven']	\N	[]	['Самара']	0
42533984	2021-03-02	Программист 1C	['1С программирование']	rur	[100000,130000]	['Новосибирск']	0
42541695	2021-03-02	Архитектор 1С	['1С программирование','Базы данных','1С: Управление Производственным Предприятием','Аналитические способности','Стратегическое мышление','Оптимизация бизнес-процессов','Постановка задач разработчикам','1С: Предприятие 8','1С: Управление Торговлей','Обновление конфигурации 1С','Cистемы управления базами данных','Моделирование архитектуры системы','MS SQL Server']	\N	[]	['Санкт-Петербург']	0
42541965	2021-03-02	TeamLead 1С / Руководитель группы сопровождения	[]	\N	[]	['Санкт-Петербург']	0
42579671	2021-03-02	Программист 1С	['1С: Документооборот','ERP','1С: Управление Производственным Предприятием','1C: Бухгалтерия','1С: Зарплата и управление персоналом','1С программирование','1С: Предприятие','Документооборот','1С: Управление предприятием','Внедрение 1С','Разработка технических заданий']	rur	[100000,160000]	['Москва']	1
42579735	2021-03-02	DevOps Engineer	['Английский язык','Администрирование серверов Linux','Linux','TCP/IP','CI/CD pipeline','OS','Docker','AWS','Kubernetes','PostgreSQL']	\N	[]	['Москва']	1
42579780	2021-03-02	Консультант BI/Разработчик BI	[]	\N	[]	['Санкт-Петербург']	0
42580234	2021-03-02	C++ developer	['C++','UI','MS Visual Studio','Qt','MFC']	\N	[]	['Омск']	1
42580251	2021-03-02	Senior/Middle С++ Developer	['C++']	\N	[]	['Самара']	0
42580356	2021-03-02	Руководитель отдела бизнес-приложений	['ERP','Постановка задач разработчикам','1С программирование','Производственное планирование','1С: Управление Производственным Предприятием','Сертификат : Специалист по платформе 1С','MS SQL']	\N	[]	['Москва']	0
42604364	2021-03-02	Веб-программист 1С-Битрикс	['PHP','1С-Битрикс','Управление проектами']	\N	[]	['Новосибирск']	0
42619311	2021-03-02	Методолог бизнес-процессов	['MS Visio','MS PowerPoint','Деловая переписка','Деловая коммуникация','Грамотная речь']	\N	[]	['Самара']	0
42621956	2021-03-02	Android-разработчик	['Java','Kotlin','Android SDK','ООП','Unit Testing','application performance']	\N	[]	['Москва']	0
42630852	2021-03-02	Специалист SQL/ Аналитик-Консультант	['VBA','MS SQL','MS SQL Server','SQL','Transact-SQL']	rur	[65000,65000]	['Санкт-Петербург']	0
42679652	2021-03-02	Node.js Developer	['Git','ООП','Ubuntu','AllFusion ERwin Data Modeler','Node.js','Blockchain']	\N	[]	['Новосибирск']	1
42679920	2021-03-02	Presale-manager	['Английский язык','Грамотная речь','Аутсорсинг','Планирование карьеры','дисциплина','проактивность','системность']	rur	[25000,25000]	['Новосибирск']	0
42697019	2021-03-02	Senior Data scientist	['Python','JavaScript','MS SQL','SQL','Numpy','Pandas','Matplotlib','sklearn.linear_model','Аналитика продаж','MySQL','TensorFlow','PyCharm','Конкурентная аналитика','Базы данных','MS Excel','Data Mining','Data Analysis','Data Mining: ACNielsen','Data Mining: Business Analytica','Математическое моделирование','Математический анализ','Математическая статистика','Работа с базами данных','ABC-анализ','Анализ данных','Анализ ассортиментной линейки','Анализ бизнес показателей']	\N	[]	['Москва']	0
42707271	2021-03-02	С# Developer	['Entity Framework','C#','Английский язык','Scrum']	\N	[]	['Москва']	0
42729934	2021-03-02	Инженер-программист микроконтроллеров / Робототехник.	['Python','C/C++','робототехника','Solid Works','Linux','ATMega','arduino','Git','Raspberry pi','ESP32']	rur	[70000,150000]	['Москва']	0
42730061	2021-03-02	Программист 1С	['1С: Управление Торговлей','Обучение и развитие','Обновление конфигурации 1С']	kgs	[30000,70000]	['Бишкек']	0
42730062	2021-03-02	Менеджер по направлению it-аутсорсинга и покопийного обслуживания	[]	\N	[]	['Москва']	0
42730063	2021-03-02	Специалист отдела технического сопровождения	['Постановка задач разработчикам','Разработка ПО','Ведение переговоров','Навыки презентации','Управление проектами','Организаторские навыки','Управление персоналом','Обучение персонала','Пользователь ПК','Ориентация на результат']	rur	[50000,60000]	['Санкт-Петербург']	0
42730073	2021-03-02	Random Manager (IT Project Manager)	['Linux','Bash','SQL','PHP','Информационные технологии','Написание процедур','Обучение','JSON API','Информационная безопасность']	\N	[]	['Санкт-Петербург']	0
42730103	2021-03-02	Программист 1С	[]	\N	[]	['Воронеж']	1
42730150	2021-03-02	QA Engineer	['Test case','Manual Testing']	rur	[100000,180000]	['Санкт-Петербург']	0
42730184	2021-03-02	Senior C/C++ Developer (embedded разработка для коптеров)	['C','C++','C/C++','Linux','embedded']	\N	[]	['Санкт-Петербург']	0
42730222	2021-03-02	Full stack разработчик	['ASP.NET MVC','.NET Core']	\N	[]	['Рязань']	1
42730260	2021-03-02	Руководитель направления разработки	['PostgreSQL','JavaScript','Python','Node.js','CSS']	rur	[350000,350000]	['Казань']	0
42730277	2021-03-02	Инженер-программист 1С 2 категории	['1С: Предприятие 8','1C: Бухгалтерия','1С программирование','1С: Документооборот','1С: Управление предприятием','Пользователь ПК','1C: Зарплата и кадры','1С: Управление Торговлей','Точность и внимательность к деталям','Обучение персонала','внедрение новых продуктов','разработка нового функционала','поддержка пользователей','знание стандартов разработки']	rur	[50000,50000]	['Искитим']	0
42730300	2021-03-02	Devops	['gcloud','gitlab','CI CD','kubernetes','docker','k8s','GKE']	usd	[1500,4000]	['Москва']	1
42730301	2021-03-02	DevOps Engineer	['gcloud','gitlab','CI CD','kubernetes','docker','k8s','GKE']	usd	[1500,4000]	['Киев']	1
42730426	2021-03-02	Технический специалист по Micro Focus / HP Asset Manager и UCMDB Universal Discovery	['SQL','СУБД','ITAM','HP Asset Manager']	\N	[]	['Москва']	0
42730449	2021-03-02	Программист-консультант 1С	['1С: Управление Торговлей','1С: Зарплата и управление персоналом','Консультирование','1С программирование','1С: Бухгалтерия']	rur	[80000,120000]	['Волгодонск']	0
42730479	2021-03-02	Программист PHP (Yii2)	['Git','Yii','PostgreSQL','jQuery','Linux']	rur	[100000,120000]	['Москва']	0
42730502	2021-03-02	Data Engineer	['Python','SQL','Bash','Linux']	rur	[220000,220000]	['Москва']	0
42730580	2021-03-02	Бизнес-аналитик	['Agile Project Management','UML','Scrum','SQL','IDEF0']	\N	[]	['Москва']	0
42730593	2021-03-02	Специалист по внедрению IT	[]	rur	[50000,50000]	['Москва']	1
42730625	2021-03-02	Бизнес-аналитик (Доставка силами партнера)	['Agile Project Management','Atlassian Jira','Управление проектами','PMBOK','Scrum']	\N	[]	['Москва']	0
42730631	2021-03-02	.NET Developer	['ASP.NET','C#','MVC']	\N	[]	['Нижний Новгород']	0
42730675	2021-03-02	Ведущий разработчик С++	['PostgreSQL','C++','Bash','NMS','Qt','Debian','ARM','Boost','STL']	\N	[]	['Москва']	0
42730696	2021-03-02	Начинающий специалист / Младший Гейм дизайнер (Junior Game Designer)	[]	\N	[]	['Новосибирск']	0
42730703	2021-03-02	Руководитель проектов 1C	['Управление проектами','MS SQL','SQL','MS Project','Проектный менеджмент','руководство командой разработчиков','Управление разработкой','Постановка задач разработчикам','Управление временем','Проектная документация']	\N	[]	['Москва']	0
42730737	2021-03-02	IOS Developer	[]	\N	[]	['Москва']	0
42730762	2021-03-02	Java-разработчик платформы карточного процессинга	[]	\N	[]	['Москва']	0
42730768	2021-03-02	Системный аналитик	['Atlassian Jira','SQL','HTML','CSS','MS SQL']	\N	[]	['Санкт-Петербург']	0
42730775	2021-03-02	Младший бизнес-аналитик	['MS Visio','Agile Project Management','UML','SQL','IDEF0']	\N	[]	['Москва']	0
42730795	2021-03-02	IOS Developer (Middle)	['iOS','Разработка нового продукта','SWIFT','GCD','IOS developer']	\N	[]	['Минск']	0
42730796	2021-03-02	Старший корпоративный архитектор MOEX	['SaaS','PAAS','Cистемы управления базами данных','Работа с базами данных','Работа с большим объемом информации','СI','CD','TDD','DDD']	\N	[]	['Москва']	0
42730803	2021-03-02	C# developer	[]	\N	[]	['Краснодар']	0
42730811	2021-03-02	Front-end разработчик	['AngularJS','JavaScript','Git','HTML5','HTML']	\N	[]	['Москва']	0
42730819	2021-03-02	General Manager Engineering – Core Platforms	['Organization Skills','Английский язык','Leadership Skills','Public Speaking']	\N	[]	['Санкт-Петербург']	0
42730833	2021-03-02	Программист-разработчик	[]	rur	[80000,80000]	['Томск']	0
42730886	2021-03-02	Бизнес-аналитик (риск-менеджмент, брокерский бизнес)	[]	\N	[]	['Москва']	0
42730897	2021-03-02	Инженер автоматизации бизнес-процессов	['HTML','Информационные технологии','ITSM','CSS','JavaScript','ITIL','Автоматизация процессов','Bootstrap','REST']	\N	[]	['Санкт-Петербург']	1
42730952	2021-03-02	Fullstack разработчик	['ReactJS','Java']	\N	[]	['Симферополь']	0
42731004	2021-03-02	Администратор-аналитик клиентских акций	['VBA','SQL','Статистический анализ','Работа с базами данных']	\N	[]	['Москва']	0
42731024	2021-03-02	Product Manager/Analyst	['Agile Project Management','Scrum','Управление проектами','Английский язык','MS Visio']	\N	[]	['Москва']	0
42731039	2021-03-02	Front-end разработчик (React, Redux/Apollo, Node.js)	['Linux','React','Redux','Mac Os','Node.js','Blockchain','HTML','CSS','Apollo','GraphQL','Sass','Кроссбраузерная верстка','Семантическая верстка','JavaScript','TypeScript','Front-end','BEM','AngularJS']	rur	[120000,150000]	['Калининград']	1
42731044	2021-03-02	Системный аналитик в команду Chat Team	[]	\N	[]	['Москва']	0
42731049	2021-03-02	Middle Backend developer Java	['Docker','Java','Spring Framework','JPA','PostgreSQL','SQL','Git','Unix','Nginx']	\N	[]	['Санкт-Петербург']	1
42731067	2021-03-02	Аналитик (Системы прогнозирования Кэжуал)	[]	\N	[]	['Москва']	0
42731128	2021-03-02	Интернет-маркетолог в агентство интернет-маркетинга Webolution	['B2B маркетинг','Интернет маркетинг','Анализ бизнес показателей','Стратегический маркетинг','Маркетинговые исследования','Медиапланирование','Internet Marketing','Контекстная реклама','Интернет-реклама','Маркетинговый анализ','Разработка маркетинговой стратегии','Планирование рекламных кампаний','Google Analytics','Google AdWords','SEO','Social Media Marketing','Яндекс.Директ']	rur	[70000,100000]	['Москва']	1
42731145	2021-03-02	Senior Android Developer	['Git','ООП','Kotlin','Android SDK','Android','Java']	rur	[170000,170000]	['Ростов-на-Дону']	0
42731195	2021-03-02	Разработчик CRM	['C#','MS Dynamics CRM','JavaScript','TypeScript','.NET Framework','.NET Core','ASP.NET','Web API','WCF','LINQ','Entity Framework','jQuery','React','Vue.js','SOLID']	\N	[]	['Санкт-Петербург']	0
42731205	2021-03-02	Менеджер по закупке трафика	['Google Analytics','Работа с рекламными сетями','Работа с системами аналитики','Интернет-реклама','Английский язык','Медиабаинг']	\N	[]	['Таганрог']	0
42731223	2021-03-02	Специалист технической поддержки	['Информационные технологии','Windows 7','Mathcad','Сборка ПК','Windows Xp']	kzt	[100000,120000]	['Кульсары']	0
42731233	2021-03-02	Разработчик CRM	['C#','MS Dynamics CRM','JavaScript','TypeScript','.NET Framework','.NET Core','ASP.NET','Web API','WCF','LINQ','Entity Framework','jQuery','React','Vue.js','SOLID']	\N	[]	['Москва']	0
42731268	2021-03-02	Менеджер по продажам (со знанием английского языка)	['Деловое общение','Английский язык','Навыки продаж','Продажи и генерация лидов','Ведение переговоров','Холодные продажи','Поиск и привлечение клиентов','Управление продажами','Грамотная речь','Поиск информации в интернет','Телефонные переговоры']	rur	[20000,40000]	['Москва']	1
42731522	2021-03-02	Devops engineer	['Администрирование серверов Linux','Администрирование серверов Windows','TeamCity','Jenkins','PowerShell','Bash','Linux','Базы данных']	\N	[]	['Самара']	1
42731601	2021-03-02	Методист учебного центра	['Пользователь ПК','Обучение и развитие','Организация учебного процесса','Умение работать в команде','Работа с документами']	rur	[20000,20000]	['Орел']	0
42731603	2021-03-02	Middle/Senior Go Developer	['Linux','Go','GoLang']	rur	[200000,200000]	['Санкт-Петербург']	0
42731653	2021-03-02	Java developer	['Spring Framework','Git','Java','Linux','Java Core 11','SQL']	\N	[]	['Москва']	0
42731664	2021-03-02	Аналитик 1С	[]	\N	[]	['Москва']	1
42731704	2021-03-02	Ведущий Java разработчик	['Java','SpringBoot','JUnit','SQL','Git']	\N	[]	['Москва']	0
42731709	2021-03-02	Senior Embedded Engineer (stm32)	[]	\N	[]	['Нижний Новгород']	0
42731710	2021-03-02	Senior Embedded Engineer (stm32)	[]	\N	[]	['Москва']	0
42731720	2021-03-02	Старший инженер-разработчик (Embedded)	[]	\N	[]	['Москва']	0
42731760	2021-03-02	Аналитик отдела продаж	['SQL','MS Access','MS SQL','Бизнес-анализ','Аналитические исследования']	rur	[40000,40000]	['Новосибирск']	0
42731789	2021-03-02	Администратор проекта	['Делопроизводство','Деловая корреспонденция','Исходящая документация','Работа с большим объемом информации','регистрация документации','1С-Битрикс','MS Excel','MS Word','Пользователь ПК','Деловое общение','Грамотная речь','Документооборот']	rur	[50000,50000]	['Москва']	0
42731861	2021-03-02	Программист Python/Django	['Python','Django Framework','PostgreSQL','Git','Linux']	\N	[]	['Минск']	0
42731878	2021-03-02	Инженер-разработчик (Raspberry Pi 4)	[]	\N	[]	['Москва']	0
42731879	2021-03-02	Инженер-разработчик (Raspberry Pi 4)	[]	\N	[]	['Санкт-Петербург']	0
42731880	2021-03-02	Инженер-разработчик (Raspberry Pi 4)	[]	\N	[]	['Нижний Новгород']	0
42731881	2021-03-02	Инженер-разработчик (Raspberry Pi 4)	[]	\N	[]	['Пенза']	0
42731885	2021-03-02	Программист 1C	['1С программирование','1С: Управление Торговлей','Разработка технических заданий','Консультирование клиентов']	rur	[25000,75000]	['Пенза']	0
42732008	2021-03-02	PHP разработчик (Сайт банка)	['PHP','PHP7','1С-Битрикс','laravel']	\N	[]	['Москва']	0
42732110	2021-03-02	Backend Developer разработчик	['API','ООП','PHP','Laravel','GO','GoLang','Yii2','GORM','GorillaMux','SQL','PostgreSQL','JavaScript','CSS','HTML5','REST API','Git','Linux','Nginx','Docker','ReactJS','VueJS','AngularJS','Yii']	kzt	[300000,300000]	['Алматы']	0
42732128	2021-03-02	Frontend Developer разработчик	['SPA','RESTAPI','ООП','JavaScript','JS','VueJS','Vuex','Vue Router','CSS','Sass','Less','Git','react','AngularJS']	kzt	[300000,300000]	['Алматы']	0
42732152	2021-03-02	Fullstack Developer разработчик	['API','SPA','REST','ООП','PHP','laravel','JS','VueJs','SQL','Git','AngularJS','reactJS','Linux','Nginx','docker','go','golang']	kzt	[300000,300000]	['Алматы']	0
42732172	2021-03-02	Android Developer разработчик	[]	kzt	[300000,300000]	['Алматы']	0
42732184	2021-03-02	Frontend Developer JavaScript (React/Vue) (Middle, Remote)	['JavaScript','React','TypeScript','Vue','Pixi','Phaser','Git','Design Patterns','ООП']	usd	[1500,1500]	['Нижний Новгород']	1
42732185	2021-03-02	Frontend Developer JavaScript (React/Vue) (Middle, Remote)	['JavaScript','React','TypeScript','Vue','Pixi','Phaser','Git','Design Patterns','ООП']	usd	[1500,1500]	['Самара']	1
42732186	2021-03-02	Frontend Developer JavaScript (React/Vue) (Middle, Remote)	['JavaScript','React','TypeScript','Vue','Pixi','Phaser','Git','Design Patterns','ООП']	usd	[1500,1500]	['Казань']	1
42732196	2021-03-02	IOS Developer разработчик	[]	kzt	[300000,300000]	['Алматы']	0
42732199	2021-03-02	Middle frontend developer (Angular)	['Git','JavaScript','AngularJS','Less','HTML5']	\N	[]	['Санкт-Петербург']	1
42732241	2021-03-02	Junior PHP разработчик	['Git','MySQL','Linux','PHP','SQL','Python','HTML','СУБД','JavaScript']	rur	[50000,50000]	['Хабаровск']	0
42732320	2021-03-02	Golang Developer backend (Middle/Junior+, Remote)	['PostgreSQL','Redis','Английский язык','RabbitMQ','Git','HTTP']	usd	[2000,2000]	['Самара']	1
42732325	2021-03-02	Frontend-разработчик	['Git','JavaScript','HTML','CSS','React']	\N	[]	['Москва']	0
42732332	2021-03-02	Golang Developer backend (Middle/Junior+, Remote)	['Английский — B1 — Средний','PostgreSQL','Redis','RabbitMQ','Git','HTTP']	usd	[2000,2000]	['Казань']	1
42732392	2021-03-02	Golang Developer backend (Middle/Junior+, Remote)	['Английский — B1 — Средний','PostgreSQL','Redis','RabbitMQ','Git','HTTP']	usd	[2000,2000]	['Нижний Новгород']	1
42732462	2021-03-02	Менеджер по работе с производителями	['Google Analytics','Яндекс.Метрика','Веб-аналитика','Яндекс.Директ','Usability','SQL']	\N	[]	['Москва']	0
42732472	2021-03-02	Junior Python разработчик	['Python','MySQL','Linux','JavaScript','Git','HTML','CSS','СУБД','docker']	rur	[50000,50000]	['Хабаровск']	0
42732484	2021-03-02	Product Manager (IT)	['Бизнес-анализ','Планирование','Тайм-менеджмент','Ведение переговоров','Проведение презентаций','Организаторские навыки','Подготовка презентаций','Информационные технологии','Разработка концепции','Клиентоориентированность']	\N	[]	['Санкт-Петербург']	0
42732519	2021-03-02	Fullstack developer	['MySQL','JavaScript','Node.js','PHP','Git']	\N	[]	['Санкт-Петербург']	0
42732526	2021-03-02	Менеджер IT проектов \ Project manager	['Оптимизация бизнес процессов','Бизнес-анализ','BPMN','Управление проектами','Системное мышление','Аналитическое мышление']	\N	[]	['Воронеж']	0
42732542	2021-03-02	Lead Java разработчик	['Spring Framework','PostgreSQL','Hibernate ORM','Java','SOAP']	\N	[]	['Саратов']	0
42732555	2021-03-02	Эксперт по работе с БД	['Oracle Pl/SQL','SQL','Atlassian Jira','ORACLE','Грамотная речь']	\N	[]	['Воронеж']	0
42732558	2021-03-02	Бизнес-аналитик	['UML','BPMN','Atlassian Jira','MS Visio','Бизнес-анализ']	\N	[]	['Москва']	0
42732569	2021-03-02	Middle Node.js Engineer	['JavaScript','Node.js']	\N	[]	['Тбилиси']	0
42732572	2021-03-02	Тестировщик /QA-инженер	['Проведение тестирований']	\N	[]	['Санкт-Петербург']	0
42732631	2021-03-02	SDET в Программу лояльности	['Java','JUnit','Selenium IDE','Cucumber','TestNG']	\N	[]	['Томск']	0
42732649	2021-03-02	Веб-программист / Программист Битрикс	['CSS','HTML','CSS3','SEO','SEO оптимизация','HTML5','Веб-аналитика','Веб-дизайн','Управление интернет-проектами','Управление проектами','Создание сайтов','1С-Битрикс','PHP','PHP5','SQL','Интернет-реклама']	rur	[50000,80000]	['Долгопрудный']	0
42732669	2021-03-02	Middle PHP разработчик	['PHP','MySQL','Python','HTML','JavaScript','Git','SQL','Yii','laravel']	rur	[75000,75000]	['Хабаровск']	0
42732671	2021-03-02	Java Developer в Авторизацию	['Java','Kafka','Spring Framework','Hazelcast','Reactive Streams']	\N	[]	['Томск']	0
42732674	2021-03-02	Инженер-программист	[]	rur	[70000,130000]	['Новокузнецк']	0
42732719	2021-03-02	Senior Node.js Engineer	['JavaScript','Node.js']	\N	[]	['Тбилиси']	0
42732766	2021-03-02	Middle Python разработчик	['Linux','MySQL','MS SQL','HTML','JavaScript','Python','Git','SQL','PHP','Django Framework','NoSQL','CSS']	rur	[60000,80000]	['Хабаровск']	0
42732790	2021-03-02	Системный аналитик в Программу лояльности	[]	\N	[]	['Томск']	0
42732805	2021-03-02	Аналитик	['Оценка инвестиционных проектов','Анализ инвестиционных проектов','Финансовый анализ','MS PowerPoint','Анализ рынка']	\N	[]	['Нур-Султан']	0
42732811	2021-03-02	React Native developer	['HTML','CSS','Bootstrap','Android','iOS','react native']	\N	[]	['Москва']	0
42732851	2021-03-02	Старший специалист по проектированию (системный аналитик)	['SQL','Анализ рынка','MS SQL Server','Бизнес-консультирование','Управление разработкой']	\N	[]	['Пермь']	0
42732856	2021-03-02	Senior PHP разработчик	['PHP','HTML','JavaScript','Python','Linux','Git','SQL','CSS','MySQL','MS SQL','ООП','NoSQL','RabbitMQ','kafka']	rur	[95000,120000]	['Хабаровск']	0
42732885	2021-03-02	Middle JavaScript (React.js) Engineer	['JavaScript','CSS','HTML5','React']	\N	[]	['Тбилиси']	0
42732896	2021-03-02	Системный аналитик (интеграционные проекты)	[]	\N	[]	['Москва']	0
42732897	2021-03-02	Senior Python разработчик	['Python','Django Framework','JavaScript','Linux','CSS','Git','HTML','ООП','SQL','PHP','RabbitMQ','СУБД','Flask']	rur	[95000,120000]	['Хабаровск']	0
42732913	2021-03-02	Программист 1С\1C developer	['1С: Зарплата и управление персоналом','1С программирование','1С: Бухгалтерия','1С: Предприятие 8','Руководство коллективом']	\N	[]	['Москва']	0
42732957	2021-03-02	Консультант 1С Документооборот (удаленно)	['Консультирование','1С: Документооборот','Аналитическое мышление']	\N	[]	['Москва']	1
42732961	2021-03-02	Ведущий инженер по тестированию	[]	\N	[]	['Иннополис']	0
42732970	2021-03-02	Middle Front-End (Angular) Engineer	['JavaScript','AngularJS']	\N	[]	['Тбилиси']	0
42732996	2021-03-02	Технический писатель	['SQL','Atlassian Jira','Atlassian Confluence','MS Visio','Подготовка презентаций','ITIL']	\N	[]	['Москва']	0
42733048	2021-03-02	WEB-разработчик (Junior)	['JavaScript','jQuery','CSS','HTML','Git','1С-Битрикс','Ajax','PHP']	rur	[35000,55000]	['Казань']	0
42733051	2021-03-02	Middle-frontend разработчик	['jQuery','CSS','Git','HTML','Adobe Photoshop']	\N	[]	['Петрозаводск']	0
42733099	2021-03-02	Эксперт 1С	[]	rur	[150000,150000]	['Санкт-Петербург']	0
42733153	2021-03-02	Стажер-программист 1С	['1С программирование','1С: Документооборот','1С: Розница','Pascal','Turbo Pascal']	rur	[50000,50000]	['Красноярск']	0
42733190	2021-03-02	Старший эксперт по технологиям	[]	\N	[]	['Нижний Новгород']	0
42733221	2021-03-02	Системный аналитик (CRM)	['Разработка технических заданий','Системный анализ','SQL','SOAP','Oracle Siebel CRM','REST','XML','Oracle CRM','UML','JSON API']	rur	[100000,140000]	['Москва']	0
42733282	2021-03-02	Разработчик 1С-Битрикс, Битрикс24	['SQL','HTML5','CRM','Git','JavaScript','CSS','HTML','PHP','MS SQL']	rur	[50000,70000]	['Новосибирск']	0
